炎亚纶男友B澄清,炎亚纶男友B澄清,1616327,2018-11-08 21:15:19
创造101第二季男团发起人,创造101第二季男团发起人,1419585,2018-11-08 21:15:19
冯绍峰邀你抢免单,冯绍峰邀你抢免单,1144595,2018-11-08 21:15:19
公司找不到炎亚纶,公司找不到炎亚纶,983093,2018-11-08 21:15:19
女孩家长致信未来亲家,女孩家长致信未来亲家,814628,2018-11-08 21:15:19
仙剑奇侠传一翻拍 ,仙剑奇侠传一翻拍 ,742587,2018-11-08 21:15:19
招租招到博士后,招租招到博士后,614744,2018-11-08 21:15:19
如果我在日本永远上不了地铁,如果我在日本永远上不了地铁,385512,2018-11-08 21:15:19
罗晋 ,罗晋 ,384520,2018-11-08 21:15:19
工资5000 零花钱400万,工资5000 零花钱400万,333688,2018-11-08 21:15:19
空姐睡地板照片传网上被开除,空姐睡地板照片传网上被开除,261885,2018-11-08 21:15:19
维密彩排,维密彩排,244371,2018-11-08 21:15:19
姐妹是个狠人 句句命中,姐妹是个狠人 句句命中,217786,2018-11-08 21:15:19
赛琳娜出院,赛琳娜出院,215574,2018-11-08 21:15:19
S8冠军纪念图标,S8冠军纪念图标,204587,2018-11-08 21:15:19
罗琳指控前助理盗刷,罗琳指控前助理盗刷,183404,2018-11-08 21:15:19
马化腾回应腾讯没有梦想,马化腾回应腾讯没有梦想,180873,2018-11-08 21:15:19
毕业两年 三年的工作经验,毕业两年 三年的工作经验,179931,2018-11-08 21:15:19
吃鸡时唯一的大佬死了,吃鸡时唯一的大佬死了,179227,2018-11-08 21:15:19
捡5000上交 到家才发现是自己的 ,捡5000上交 到家才发现是自己的 ,178272,2018-11-08 21:15:19
朱广权报菜名,朱广权报菜名,148525,2018-11-08 21:15:19
疯狂敲键盘的杨洋 ,疯狂敲键盘的杨洋 ,145328,2018-11-08 21:15:19
陈情令片花 ,陈情令片花 ,141266,2018-11-08 21:15:19
英语提问后特朗普没太听懂,英语提问后特朗普没太听懂,133964,2018-11-08 21:15:19
炎亚纶真的很有梗 ,炎亚纶真的很有梗 ,131951,2018-11-08 21:15:19
比伯,比伯,122130,2018-11-08 21:15:19
卖鱼竿的太拼了,卖鱼竿的太拼了,118668,2018-11-08 21:15:19
百花奖和金马奖的海报,百花奖和金马奖的海报,112757,2018-11-08 21:15:19
月亮警察直拍,月亮警察直拍,111827,2018-11-08 21:15:19
全球圈养大熊猫数量,全球圈养大熊猫数量,111653,2018-11-08 21:15:19
特斯拉新董事长,特斯拉新董事长,102526,2018-11-08 21:15:19
全职高手预告,全职高手预告,100538,2018-11-08 21:15:19
exo,exo,97607,2018-11-08 21:15:19
斛珠夫人 ,斛珠夫人 ,88145,2018-11-08 21:15:19
维密 海胆,维密 海胆,84243,2018-11-08 21:15:19
王思聪 捣蒜 ,王思聪 捣蒜 ,81097,2018-11-08 21:15:19
刘昊然 裤腿藏酒,刘昊然 裤腿藏酒,78725,2018-11-08 21:15:19
唐嫣 婚礼最难忘瞬间,唐嫣 婚礼最难忘瞬间,78179,2018-11-08 21:15:19
加州枪击案造成至少13人死亡,加州枪击案造成至少13人死亡,72547,2018-11-08 21:15:19
iG NEST,iG NEST,71432,2018-11-08 21:15:19
欠我的用什么还,欠我的用什么还,69881,2018-11-08 21:15:19
王心凌新专辑,王心凌新专辑,69160,2018-11-08 21:15:19
女孩结伴出走要当明星,女孩结伴出走要当明星,67810,2018-11-08 21:15:19
WE BA黑凤梨,WE BA黑凤梨,67620,2018-11-08 21:15:19
维密水晶秀服,维密水晶秀服,65978,2018-11-08 21:15:19
南京中央商场,南京中央商场,63364,2018-11-08 21:15:19
炎亚纶道歉 ,炎亚纶道歉 ,59672,2018-11-08 21:15:19
吴亦凡专辑重回榜首 ,吴亦凡专辑重回榜首 ,57646,2018-11-08 21:15:19
泰拳传奇被KO后死亡,泰拳传奇被KO后死亡,56715,2018-11-08 21:15:19
炎亚纶男友B澄清,炎亚纶男友B澄清,1617763,2018-11-08 21:15:36
创造101第二季男团发起人,创造101第二季男团发起人,1416387,2018-11-08 21:15:36
超会挑联盟,超会挑联盟,1316388,2018-11-08 21:15:36
公司找不到炎亚纶,公司找不到炎亚纶,1046021,2018-11-08 21:15:36
女孩家长致信未来亲家,女孩家长致信未来亲家,797309,2018-11-08 21:15:36
仙剑奇侠传一翻拍 ,仙剑奇侠传一翻拍 ,738867,2018-11-08 21:15:36
招租招到博士后,招租招到博士后,608553,2018-11-08 21:15:36
罗晋 ,罗晋 ,384083,2018-11-08 21:15:36
如果我在日本永远上不了地铁,如果我在日本永远上不了地铁,383682,2018-11-08 21:15:36
工资5000 零花钱400万,工资5000 零花钱400万,329983,2018-11-08 21:15:36
空姐睡地板照片传网上被开除,空姐睡地板照片传网上被开除,258590,2018-11-08 21:15:36
维密彩排,维密彩排,243539,2018-11-08 21:15:36
姐妹是个狠人 句句命中,姐妹是个狠人 句句命中,217676,2018-11-08 21:15:36
赛琳娜出院,赛琳娜出院,212795,2018-11-08 21:15:36
S8冠军纪念图标,S8冠军纪念图标,204680,2018-11-08 21:15:36
罗琳指控前助理盗刷,罗琳指控前助理盗刷,185410,2018-11-08 21:15:36
马化腾回应腾讯没有梦想,马化腾回应腾讯没有梦想,184908,2018-11-08 21:15:36
毕业两年 三年的工作经验,毕业两年 三年的工作经验,183052,2018-11-08 21:15:36
吃鸡时唯一的大佬死了,吃鸡时唯一的大佬死了,181804,2018-11-08 21:15:36
捡5000上交 到家才发现是自己的 ,捡5000上交 到家才发现是自己的 ,179172,2018-11-08 21:15:36
朱广权报菜名,朱广权报菜名,148629,2018-11-08 21:15:36
疯狂敲键盘的杨洋 ,疯狂敲键盘的杨洋 ,148536,2018-11-08 21:15:36
陈情令片花 ,陈情令片花 ,146886,2018-11-08 21:15:36
英语提问后特朗普没太听懂,英语提问后特朗普没太听懂,132464,2018-11-08 21:15:36
炎亚纶真的很有梗 ,炎亚纶真的很有梗 ,132448,2018-11-08 21:15:36
比伯,比伯,120448,2018-11-08 21:15:36
卖鱼竿的太拼了,卖鱼竿的太拼了,120354,2018-11-08 21:15:36
百花奖和金马奖的海报,百花奖和金马奖的海报,112446,2018-11-08 21:15:36
月亮警察直拍,月亮警察直拍,112288,2018-11-08 21:15:36
全球圈养大熊猫数量,全球圈养大熊猫数量,110667,2018-11-08 21:15:36
特斯拉新董事长,特斯拉新董事长,103108,2018-11-08 21:15:36
全职高手预告,全职高手预告,101358,2018-11-08 21:15:36
exo,exo,97215,2018-11-08 21:15:36
斛珠夫人 ,斛珠夫人 ,87910,2018-11-08 21:15:36
维密 海胆,维密 海胆,84070,2018-11-08 21:15:36
王思聪 捣蒜 ,王思聪 捣蒜 ,80611,2018-11-08 21:15:36
刘昊然 裤腿藏酒,刘昊然 裤腿藏酒,78381,2018-11-08 21:15:36
唐嫣 婚礼最难忘瞬间,唐嫣 婚礼最难忘瞬间,77049,2018-11-08 21:15:36
加州枪击案造成至少13人死亡,加州枪击案造成至少13人死亡,73471,2018-11-08 21:15:36
iG NEST,iG NEST,71229,2018-11-08 21:15:36
欠我的用什么还,欠我的用什么还,69102,2018-11-08 21:15:36
王心凌新专辑,王心凌新专辑,68956,2018-11-08 21:15:36
WE BA黑凤梨,WE BA黑凤梨,67907,2018-11-08 21:15:36
女孩结伴出走要当明星,女孩结伴出走要当明星,67577,2018-11-08 21:15:36
维密水晶秀服,维密水晶秀服,66197,2018-11-08 21:15:36
南京中央商场,南京中央商场,63347,2018-11-08 21:15:36
炎亚纶道歉 ,炎亚纶道歉 ,59821,2018-11-08 21:15:36
吴亦凡专辑重回榜首 ,吴亦凡专辑重回榜首 ,57822,2018-11-08 21:15:36
泰拳传奇被KO后死亡,泰拳传奇被KO后死亡,56646,2018-11-08 21:15:36
炎亚纶男友B澄清,炎亚纶男友B澄清,1617041,2018-11-08 21:15:41
创造101第二季男团发起人,创造101第二季男团发起人,1412967,2018-11-08 21:15:41
冯绍峰邀你抢免单,冯绍峰邀你抢免单,1215734,2018-11-08 21:15:41
公司找不到炎亚纶,公司找不到炎亚纶,1099900,2018-11-08 21:15:41
女孩家长致信未来亲家,女孩家长致信未来亲家,827356,2018-11-08 21:15:41
仙剑奇侠传一翻拍 ,仙剑奇侠传一翻拍 ,735330,2018-11-08 21:15:41
招租招到博士后,招租招到博士后,600263,2018-11-08 21:15:41
罗晋 ,罗晋 ,384117,2018-11-08 21:15:41
如果我在日本永远上不了地铁,如果我在日本永远上不了地铁,382466,2018-11-08 21:15:41
工资5000 零花钱400万,工资5000 零花钱400万,326713,2018-11-08 21:15:41
空姐睡地板照片传网上被开除,空姐睡地板照片传网上被开除,255822,2018-11-08 21:15:41
维密彩排,维密彩排,242724,2018-11-08 21:15:41
姐妹是个狠人 句句命中,姐妹是个狠人 句句命中,217856,2018-11-08 21:15:41
赛琳娜出院,赛琳娜出院,210464,2018-11-08 21:15:41
S8冠军纪念图标,S8冠军纪念图标,205747,2018-11-08 21:15:41
罗琳指控前助理盗刷,罗琳指控前助理盗刷,187761,2018-11-08 21:15:41
马化腾回应腾讯没有梦想,马化腾回应腾讯没有梦想,187690,2018-11-08 21:15:41
毕业两年 三年的工作经验,毕业两年 三年的工作经验,185558,2018-11-08 21:15:41
吃鸡时唯一的大佬死了,吃鸡时唯一的大佬死了,184942,2018-11-08 21:15:41
捡5000上交 到家才发现是自己的 ,捡5000上交 到家才发现是自己的 ,179233,2018-11-08 21:15:41
朱广权报菜名,朱广权报菜名,148260,2018-11-08 21:15:41
疯狂敲键盘的杨洋 ,疯狂敲键盘的杨洋 ,142238,2018-11-08 21:15:41
陈情令片花 ,陈情令片花 ,140078,2018-11-08 21:15:41
炎亚纶真的很有梗 ,炎亚纶真的很有梗 ,133007,2018-11-08 21:15:41
英语提问后特朗普没太听懂,英语提问后特朗普没太听懂,132154,2018-11-08 21:15:41
卖鱼竿的太拼了,卖鱼竿的太拼了,121622,2018-11-08 21:15:41
比伯,比伯,118752,2018-11-08 21:15:41
百花奖和金马奖的海报,百花奖和金马奖的海报,112472,2018-11-08 21:15:41
月亮警察直拍,月亮警察直拍,111297,2018-11-08 21:15:41
全球圈养大熊猫数量,全球圈养大熊猫数量,109500,2018-11-08 21:15:41
特斯拉新董事长,特斯拉新董事长,104148,2018-11-08 21:15:41
全职高手预告,全职高手预告,101370,2018-11-08 21:15:41
exo,exo,97330,2018-11-08 21:15:41
斛珠夫人 ,斛珠夫人 ,87742,2018-11-08 21:15:41
维密 海胆,维密 海胆,83839,2018-11-08 21:15:41
王思聪 捣蒜 ,王思聪 捣蒜 ,80105,2018-11-08 21:15:41
刘昊然 裤腿藏酒,刘昊然 裤腿藏酒,78432,2018-11-08 21:15:41
唐嫣 婚礼最难忘瞬间,唐嫣 婚礼最难忘瞬间,76077,2018-11-08 21:15:41
加州枪击案造成至少13人死亡,加州枪击案造成至少13人死亡,74668,2018-11-08 21:15:41
iG NEST,iG NEST,70456,2018-11-08 21:15:41
欠我的用什么还,欠我的用什么还,69412,2018-11-08 21:15:41
王心凌新专辑,王心凌新专辑,69113,2018-11-08 21:15:41
WE BA黑凤梨,WE BA黑凤梨,68210,2018-11-08 21:15:41
女孩结伴出走要当明星,女孩结伴出走要当明星,67309,2018-11-08 21:15:41
维密水晶秀服,维密水晶秀服,65733,2018-11-08 21:15:41
南京中央商场,南京中央商场,63417,2018-11-08 21:15:41
炎亚纶道歉 ,炎亚纶道歉 ,59330,2018-11-08 21:15:41
吴亦凡专辑重回榜首 ,吴亦凡专辑重回榜首 ,57539,2018-11-08 21:15:41
毒液首映,毒液首映,56699,2018-11-08 21:15:41
炎亚纶男友B澄清,炎亚纶男友B澄清,1617763,2018-11-08 21:15:45
创造101第二季男团发起人,创造101第二季男团发起人,1416387,2018-11-08 21:15:45
最美限量版,最美限量版,1346017,2018-11-08 21:15:45
公司找不到炎亚纶,公司找不到炎亚纶,1046021,2018-11-08 21:15:45
女孩家长致信未来亲家,女孩家长致信未来亲家,797309,2018-11-08 21:15:45
仙剑奇侠传一翻拍 ,仙剑奇侠传一翻拍 ,738867,2018-11-08 21:15:45
招租招到博士后,招租招到博士后,608553,2018-11-08 21:15:45
罗晋 ,罗晋 ,384083,2018-11-08 21:15:45
如果我在日本永远上不了地铁,如果我在日本永远上不了地铁,383682,2018-11-08 21:15:45
工资5000 零花钱400万,工资5000 零花钱400万,329983,2018-11-08 21:15:45
空姐睡地板照片传网上被开除,空姐睡地板照片传网上被开除,258590,2018-11-08 21:15:45
维密彩排,维密彩排,243539,2018-11-08 21:15:45
姐妹是个狠人 句句命中,姐妹是个狠人 句句命中,217676,2018-11-08 21:15:45
赛琳娜出院,赛琳娜出院,212795,2018-11-08 21:15:45
S8冠军纪念图标,S8冠军纪念图标,204680,2018-11-08 21:15:45
罗琳指控前助理盗刷,罗琳指控前助理盗刷,185410,2018-11-08 21:15:45
马化腾回应腾讯没有梦想,马化腾回应腾讯没有梦想,184908,2018-11-08 21:15:45
毕业两年 三年的工作经验,毕业两年 三年的工作经验,183052,2018-11-08 21:15:45
吃鸡时唯一的大佬死了,吃鸡时唯一的大佬死了,181804,2018-11-08 21:15:45
捡5000上交 到家才发现是自己的 ,捡5000上交 到家才发现是自己的 ,179172,2018-11-08 21:15:45
朱广权报菜名,朱广权报菜名,148629,2018-11-08 21:15:45
疯狂敲键盘的杨洋 ,疯狂敲键盘的杨洋 ,148536,2018-11-08 21:15:45
陈情令片花 ,陈情令片花 ,146886,2018-11-08 21:15:45
英语提问后特朗普没太听懂,英语提问后特朗普没太听懂,132464,2018-11-08 21:15:45
炎亚纶真的很有梗 ,炎亚纶真的很有梗 ,132448,2018-11-08 21:15:45
比伯,比伯,120448,2018-11-08 21:15:45
卖鱼竿的太拼了,卖鱼竿的太拼了,120354,2018-11-08 21:15:45
百花奖和金马奖的海报,百花奖和金马奖的海报,112446,2018-11-08 21:15:45
月亮警察直拍,月亮警察直拍,112288,2018-11-08 21:15:45
全球圈养大熊猫数量,全球圈养大熊猫数量,110667,2018-11-08 21:15:45
特斯拉新董事长,特斯拉新董事长,103108,2018-11-08 21:15:45
全职高手预告,全职高手预告,101358,2018-11-08 21:15:45
exo,exo,97215,2018-11-08 21:15:45
斛珠夫人 ,斛珠夫人 ,87910,2018-11-08 21:15:45
维密 海胆,维密 海胆,84070,2018-11-08 21:15:45
王思聪 捣蒜 ,王思聪 捣蒜 ,80611,2018-11-08 21:15:45
刘昊然 裤腿藏酒,刘昊然 裤腿藏酒,78381,2018-11-08 21:15:45
唐嫣 婚礼最难忘瞬间,唐嫣 婚礼最难忘瞬间,77049,2018-11-08 21:15:45
加州枪击案造成至少13人死亡,加州枪击案造成至少13人死亡,73471,2018-11-08 21:15:45
iG NEST,iG NEST,71229,2018-11-08 21:15:45
欠我的用什么还,欠我的用什么还,69102,2018-11-08 21:15:45
王心凌新专辑,王心凌新专辑,68956,2018-11-08 21:15:45
WE BA黑凤梨,WE BA黑凤梨,67907,2018-11-08 21:15:45
女孩结伴出走要当明星,女孩结伴出走要当明星,67577,2018-11-08 21:15:45
维密水晶秀服,维密水晶秀服,66197,2018-11-08 21:15:45
南京中央商场,南京中央商场,63347,2018-11-08 21:15:45
炎亚纶道歉 ,炎亚纶道歉 ,59821,2018-11-08 21:15:45
吴亦凡专辑重回榜首 ,吴亦凡专辑重回榜首 ,57822,2018-11-08 21:15:45
泰拳传奇被KO后死亡,泰拳传奇被KO后死亡,56646,2018-11-08 21:15:45
炎亚纶男友B澄清,炎亚纶男友B澄清,1617763,2018-11-08 21:15:49
创造101第二季男团发起人,创造101第二季男团发起人,1416387,2018-11-08 21:15:49
公司找不到炎亚纶,公司找不到炎亚纶,1046021,2018-11-08 21:15:49
女孩家长致信未来亲家,女孩家长致信未来亲家,797309,2018-11-08 21:15:49
仙剑奇侠传一翻拍 ,仙剑奇侠传一翻拍 ,738867,2018-11-08 21:15:49
招租招到博士后,招租招到博士后,608553,2018-11-08 21:15:49
罗晋 ,罗晋 ,384083,2018-11-08 21:15:49
如果我在日本永远上不了地铁,如果我在日本永远上不了地铁,383682,2018-11-08 21:15:49
工资5000 零花钱400万,工资5000 零花钱400万,329983,2018-11-08 21:15:49
空姐睡地板照片传网上被开除,空姐睡地板照片传网上被开除,258590,2018-11-08 21:15:49
维密彩排,维密彩排,243539,2018-11-08 21:15:49
姐妹是个狠人 句句命中,姐妹是个狠人 句句命中,217676,2018-11-08 21:15:49
赛琳娜出院,赛琳娜出院,212795,2018-11-08 21:15:49
S8冠军纪念图标,S8冠军纪念图标,204680,2018-11-08 21:15:49
罗琳指控前助理盗刷,罗琳指控前助理盗刷,185410,2018-11-08 21:15:49
马化腾回应腾讯没有梦想,马化腾回应腾讯没有梦想,184908,2018-11-08 21:15:49
毕业两年 三年的工作经验,毕业两年 三年的工作经验,183052,2018-11-08 21:15:49
吃鸡时唯一的大佬死了,吃鸡时唯一的大佬死了,181804,2018-11-08 21:15:49
捡5000上交 到家才发现是自己的 ,捡5000上交 到家才发现是自己的 ,179172,2018-11-08 21:15:49
朱广权报菜名,朱广权报菜名,148629,2018-11-08 21:15:49
疯狂敲键盘的杨洋 ,疯狂敲键盘的杨洋 ,148536,2018-11-08 21:15:49
陈情令片花 ,陈情令片花 ,146886,2018-11-08 21:15:49
英语提问后特朗普没太听懂,英语提问后特朗普没太听懂,132464,2018-11-08 21:15:49
炎亚纶真的很有梗 ,炎亚纶真的很有梗 ,132448,2018-11-08 21:15:49
比伯,比伯,120448,2018-11-08 21:15:49
卖鱼竿的太拼了,卖鱼竿的太拼了,120354,2018-11-08 21:15:49
百花奖和金马奖的海报,百花奖和金马奖的海报,112446,2018-11-08 21:15:49
月亮警察直拍,月亮警察直拍,112288,2018-11-08 21:15:49
全球圈养大熊猫数量,全球圈养大熊猫数量,110667,2018-11-08 21:15:49
特斯拉新董事长,特斯拉新董事长,103108,2018-11-08 21:15:49
全职高手预告,全职高手预告,101358,2018-11-08 21:15:49
exo,exo,97215,2018-11-08 21:15:49
斛珠夫人 ,斛珠夫人 ,87910,2018-11-08 21:15:49
维密 海胆,维密 海胆,84070,2018-11-08 21:15:49
王思聪 捣蒜 ,王思聪 捣蒜 ,80611,2018-11-08 21:15:49
刘昊然 裤腿藏酒,刘昊然 裤腿藏酒,78381,2018-11-08 21:15:49
唐嫣 婚礼最难忘瞬间,唐嫣 婚礼最难忘瞬间,77049,2018-11-08 21:15:49
加州枪击案造成至少13人死亡,加州枪击案造成至少13人死亡,73471,2018-11-08 21:15:49
iG NEST,iG NEST,71229,2018-11-08 21:15:49
欠我的用什么还,欠我的用什么还,69102,2018-11-08 21:15:49
王心凌新专辑,王心凌新专辑,68956,2018-11-08 21:15:49
WE BA黑凤梨,WE BA黑凤梨,67907,2018-11-08 21:15:49
女孩结伴出走要当明星,女孩结伴出走要当明星,67577,2018-11-08 21:15:49
维密水晶秀服,维密水晶秀服,66197,2018-11-08 21:15:49
南京中央商场,南京中央商场,63347,2018-11-08 21:15:49
炎亚纶道歉 ,炎亚纶道歉 ,59821,2018-11-08 21:15:49
吴亦凡专辑重回榜首 ,吴亦凡专辑重回榜首 ,57822,2018-11-08 21:15:49
泰拳传奇被KO后死亡,泰拳传奇被KO后死亡,56646,2018-11-08 21:15:49
毒液首映,毒液首映,56465,2018-11-08 21:15:49
